Point,Test,Output,Spec,Weight,Pass/Fail,Min,Max,MC
279,AFE513:PGA_R_FB_TB_1:1,"average(((VT(""/VON"") - VT(""/VOP"")) / 32))",,,,4.64E-07,4.64E-07,4.64E-07
219,AFE513:PGA_R_FB_TB_1:1,"average(((VT(""/VON"") - VT(""/VOP"")) / 32))",,,,4.28E-07,4.28E-07,4.28E-07
374,AFE513:PGA_R_FB_TB_1:1,"average(((VT(""/VON"") - VT(""/VOP"")) / 32))",,,,3.80E-07,3.80E-07,3.80E-07
82,AFE513:PGA_R_FB_TB_1:1,"average(((VT(""/VON"") - VT(""/VOP"")) / 32))",,,,3.79E-07,3.79E-07,3.79E-07
389,AFE513:PGA_R_FB_TB_1:1,"average(((VT(""/VON"") - VT(""/VOP"")) / 32))",,,,3.77E-07,3.77E-07,3.77E-07
499,AFE513:PGA_R_FB_TB_1:1,"average(((VT(""/VON"") - VT(""/VOP"")) / 32))",,,,3.50E-07,3.50E-07,3.50E-07
328,AFE513:PGA_R_FB_TB_1:1,"average(((VT(""/VON"") - VT(""/VOP"")) / 32))",,,,3.44E-07,3.44E-07,3.44E-07
104,AFE513:PGA_R_FB_TB_1:1,"average(((VT(""/VON"") - VT(""/VOP"")) / 32))",,,,3.43E-07,3.43E-07,3.43E-07
113,AFE513:PGA_R_FB_TB_1:1,"average(((VT(""/VON"") - VT(""/VOP"")) / 32))",,,,3.37E-07,3.37E-07,3.37E-07
110,AFE513:PGA_R_FB_TB_1:1,"average(((VT(""/VON"") - VT(""/VOP"")) / 32))",,,,3.36E-07,3.36E-07,3.36E-07
399,AFE513:PGA_R_FB_TB_1:1,"average(((VT(""/VON"") - VT(""/VOP"")) / 32))",,,,3.31E-07,3.31E-07,3.31E-07
105,AFE513:PGA_R_FB_TB_1:1,"average(((VT(""/VON"") - VT(""/VOP"")) / 32))",,,,3.29E-07,3.29E-07,3.29E-07
402,AFE513:PGA_R_FB_TB_1:1,"average(((VT(""/VON"") - VT(""/VOP"")) / 32))",,,,3.26E-07,3.26E-07,3.26E-07
437,AFE513:PGA_R_FB_TB_1:1,"average(((VT(""/VON"") - VT(""/VOP"")) / 32))",,,,3.17E-07,3.17E-07,3.17E-07
27,AFE513:PGA_R_FB_TB_1:1,"average(((VT(""/VON"") - VT(""/VOP"")) / 32))",,,,3.08E-07,3.08E-07,3.08E-07
323,AFE513:PGA_R_FB_TB_1:1,"average(((VT(""/VON"") - VT(""/VOP"")) / 32))",,,,3.00E-07,3.00E-07,3.00E-07
112,AFE513:PGA_R_FB_TB_1:1,"average(((VT(""/VON"") - VT(""/VOP"")) / 32))",,,,2.83E-07,2.83E-07,2.83E-07
80,AFE513:PGA_R_FB_TB_1:1,"average(((VT(""/VON"") - VT(""/VOP"")) / 32))",,,,2.67E-07,2.67E-07,2.67E-07
460,AFE513:PGA_R_FB_TB_1:1,"average(((VT(""/VON"") - VT(""/VOP"")) / 32))",,,,2.65E-07,2.65E-07,2.65E-07
90,AFE513:PGA_R_FB_TB_1:1,"average(((VT(""/VON"") - VT(""/VOP"")) / 32))",,,,2.59E-07,2.59E-07,2.59E-07
94,AFE513:PGA_R_FB_TB_1:1,"average(((VT(""/VON"") - VT(""/VOP"")) / 32))",,,,2.48E-07,2.48E-07,2.48E-07
485,AFE513:PGA_R_FB_TB_1:1,"average(((VT(""/VON"") - VT(""/VOP"")) / 32))",,,,2.44E-07,2.44E-07,2.44E-07
40,AFE513:PGA_R_FB_TB_1:1,"average(((VT(""/VON"") - VT(""/VOP"")) / 32))",,,,2.43E-07,2.43E-07,2.43E-07
355,AFE513:PGA_R_FB_TB_1:1,"average(((VT(""/VON"") - VT(""/VOP"")) / 32))",,,,2.42E-07,2.42E-07,2.42E-07
274,AFE513:PGA_R_FB_TB_1:1,"average(((VT(""/VON"") - VT(""/VOP"")) / 32))",,,,2.41E-07,2.41E-07,2.41E-07
319,AFE513:PGA_R_FB_TB_1:1,"average(((VT(""/VON"") - VT(""/VOP"")) / 32))",,,,2.39E-07,2.39E-07,2.39E-07
45,AFE513:PGA_R_FB_TB_1:1,"average(((VT(""/VON"") - VT(""/VOP"")) / 32))",,,,2.39E-07,2.39E-07,2.39E-07
191,AFE513:PGA_R_FB_TB_1:1,"average(((VT(""/VON"") - VT(""/VOP"")) / 32))",,,,2.37E-07,2.37E-07,2.37E-07
269,AFE513:PGA_R_FB_TB_1:1,"average(((VT(""/VON"") - VT(""/VOP"")) / 32))",,,,2.31E-07,2.31E-07,2.31E-07
227,AFE513:PGA_R_FB_TB_1:1,"average(((VT(""/VON"") - VT(""/VOP"")) / 32))",,,,2.29E-07,2.29E-07,2.29E-07
474,AFE513:PGA_R_FB_TB_1:1,"average(((VT(""/VON"") - VT(""/VOP"")) / 32))",,,,2.28E-07,2.28E-07,2.28E-07
56,AFE513:PGA_R_FB_TB_1:1,"average(((VT(""/VON"") - VT(""/VOP"")) / 32))",,,,2.27E-07,2.27E-07,2.27E-07
212,AFE513:PGA_R_FB_TB_1:1,"average(((VT(""/VON"") - VT(""/VOP"")) / 32))",,,,2.26E-07,2.26E-07,2.26E-07
412,AFE513:PGA_R_FB_TB_1:1,"average(((VT(""/VON"") - VT(""/VOP"")) / 32))",,,,2.26E-07,2.26E-07,2.26E-07
118,AFE513:PGA_R_FB_TB_1:1,"average(((VT(""/VON"") - VT(""/VOP"")) / 32))",,,,2.17E-07,2.17E-07,2.17E-07
250,AFE513:PGA_R_FB_TB_1:1,"average(((VT(""/VON"") - VT(""/VOP"")) / 32))",,,,2.12E-07,2.12E-07,2.12E-07
64,AFE513:PGA_R_FB_TB_1:1,"average(((VT(""/VON"") - VT(""/VOP"")) / 32))",,,,2.08E-07,2.08E-07,2.08E-07
55,AFE513:PGA_R_FB_TB_1:1,"average(((VT(""/VON"") - VT(""/VOP"")) / 32))",,,,2.08E-07,2.08E-07,2.08E-07
202,AFE513:PGA_R_FB_TB_1:1,"average(((VT(""/VON"") - VT(""/VOP"")) / 32))",,,,2.06E-07,2.06E-07,2.06E-07
488,AFE513:PGA_R_FB_TB_1:1,"average(((VT(""/VON"") - VT(""/VOP"")) / 32))",,,,2.04E-07,2.04E-07,2.04E-07
479,AFE513:PGA_R_FB_TB_1:1,"average(((VT(""/VON"") - VT(""/VOP"")) / 32))",,,,2.03E-07,2.03E-07,2.03E-07
300,AFE513:PGA_R_FB_TB_1:1,"average(((VT(""/VON"") - VT(""/VOP"")) / 32))",,,,2.02E-07,2.02E-07,2.02E-07
416,AFE513:PGA_R_FB_TB_1:1,"average(((VT(""/VON"") - VT(""/VOP"")) / 32))",,,,1.97E-07,1.97E-07,1.97E-07
16,AFE513:PGA_R_FB_TB_1:1,"average(((VT(""/VON"") - VT(""/VOP"")) / 32))",,,,1.88E-07,1.88E-07,1.88E-07
338,AFE513:PGA_R_FB_TB_1:1,"average(((VT(""/VON"") - VT(""/VOP"")) / 32))",,,,1.83E-07,1.83E-07,1.83E-07
65,AFE513:PGA_R_FB_TB_1:1,"average(((VT(""/VON"") - VT(""/VOP"")) / 32))",,,,1.82E-07,1.82E-07,1.82E-07
261,AFE513:PGA_R_FB_TB_1:1,"average(((VT(""/VON"") - VT(""/VOP"")) / 32))",,,,1.82E-07,1.82E-07,1.82E-07
433,AFE513:PGA_R_FB_TB_1:1,"average(((VT(""/VON"") - VT(""/VOP"")) / 32))",,,,1.81E-07,1.81E-07,1.81E-07
183,AFE513:PGA_R_FB_TB_1:1,"average(((VT(""/VON"") - VT(""/VOP"")) / 32))",,,,1.77E-07,1.77E-07,1.77E-07
293,AFE513:PGA_R_FB_TB_1:1,"average(((VT(""/VON"") - VT(""/VOP"")) / 32))",,,,1.70E-07,1.70E-07,1.70E-07
189,AFE513:PGA_R_FB_TB_1:1,"average(((VT(""/VON"") - VT(""/VOP"")) / 32))",,,,1.70E-07,1.70E-07,1.70E-07
88,AFE513:PGA_R_FB_TB_1:1,"average(((VT(""/VON"") - VT(""/VOP"")) / 32))",,,,1.66E-07,1.66E-07,1.66E-07
167,AFE513:PGA_R_FB_TB_1:1,"average(((VT(""/VON"") - VT(""/VOP"")) / 32))",,,,1.65E-07,1.65E-07,1.65E-07
180,AFE513:PGA_R_FB_TB_1:1,"average(((VT(""/VON"") - VT(""/VOP"")) / 32))",,,,1.63E-07,1.63E-07,1.63E-07
347,AFE513:PGA_R_FB_TB_1:1,"average(((VT(""/VON"") - VT(""/VOP"")) / 32))",,,,1.62E-07,1.62E-07,1.62E-07
407,AFE513:PGA_R_FB_TB_1:1,"average(((VT(""/VON"") - VT(""/VOP"")) / 32))",,,,1.62E-07,1.62E-07,1.62E-07
378,AFE513:PGA_R_FB_TB_1:1,"average(((VT(""/VON"") - VT(""/VOP"")) / 32))",,,,1.59E-07,1.59E-07,1.59E-07
32,AFE513:PGA_R_FB_TB_1:1,"average(((VT(""/VON"") - VT(""/VOP"")) / 32))",,,,1.58E-07,1.58E-07,1.58E-07
196,AFE513:PGA_R_FB_TB_1:1,"average(((VT(""/VON"") - VT(""/VOP"")) / 32))",,,,1.58E-07,1.58E-07,1.58E-07
262,AFE513:PGA_R_FB_TB_1:1,"average(((VT(""/VON"") - VT(""/VOP"")) / 32))",,,,1.51E-07,1.51E-07,1.51E-07
409,AFE513:PGA_R_FB_TB_1:1,"average(((VT(""/VON"") - VT(""/VOP"")) / 32))",,,,1.50E-07,1.50E-07,1.50E-07
91,AFE513:PGA_R_FB_TB_1:1,"average(((VT(""/VON"") - VT(""/VOP"")) / 32))",,,,1.48E-07,1.48E-07,1.48E-07
495,AFE513:PGA_R_FB_TB_1:1,"average(((VT(""/VON"") - VT(""/VOP"")) / 32))",,,,1.47E-07,1.47E-07,1.47E-07
375,AFE513:PGA_R_FB_TB_1:1,"average(((VT(""/VON"") - VT(""/VOP"")) / 32))",,,,1.46E-07,1.46E-07,1.46E-07
34,AFE513:PGA_R_FB_TB_1:1,"average(((VT(""/VON"") - VT(""/VOP"")) / 32))",,,,1.45E-07,1.45E-07,1.45E-07
103,AFE513:PGA_R_FB_TB_1:1,"average(((VT(""/VON"") - VT(""/VOP"")) / 32))",,,,1.45E-07,1.45E-07,1.45E-07
111,AFE513:PGA_R_FB_TB_1:1,"average(((VT(""/VON"") - VT(""/VOP"")) / 32))",,,,1.42E-07,1.42E-07,1.42E-07
331,AFE513:PGA_R_FB_TB_1:1,"average(((VT(""/VON"") - VT(""/VOP"")) / 32))",,,,1.41E-07,1.41E-07,1.41E-07
75,AFE513:PGA_R_FB_TB_1:1,"average(((VT(""/VON"") - VT(""/VOP"")) / 32))",,,,1.35E-07,1.35E-07,1.35E-07
251,AFE513:PGA_R_FB_TB_1:1,"average(((VT(""/VON"") - VT(""/VOP"")) / 32))",,,,1.33E-07,1.33E-07,1.33E-07
47,AFE513:PGA_R_FB_TB_1:1,"average(((VT(""/VON"") - VT(""/VOP"")) / 32))",,,,1.33E-07,1.33E-07,1.33E-07
440,AFE513:PGA_R_FB_TB_1:1,"average(((VT(""/VON"") - VT(""/VOP"")) / 32))",,,,1.29E-07,1.29E-07,1.29E-07
487,AFE513:PGA_R_FB_TB_1:1,"average(((VT(""/VON"") - VT(""/VOP"")) / 32))",,,,1.29E-07,1.29E-07,1.29E-07
155,AFE513:PGA_R_FB_TB_1:1,"average(((VT(""/VON"") - VT(""/VOP"")) / 32))",,,,1.28E-07,1.28E-07,1.28E-07
173,AFE513:PGA_R_FB_TB_1:1,"average(((VT(""/VON"") - VT(""/VOP"")) / 32))",,,,1.27E-07,1.27E-07,1.27E-07
42,AFE513:PGA_R_FB_TB_1:1,"average(((VT(""/VON"") - VT(""/VOP"")) / 32))",,,,1.27E-07,1.27E-07,1.27E-07
234,AFE513:PGA_R_FB_TB_1:1,"average(((VT(""/VON"") - VT(""/VOP"")) / 32))",,,,1.26E-07,1.26E-07,1.26E-07
156,AFE513:PGA_R_FB_TB_1:1,"average(((VT(""/VON"") - VT(""/VOP"")) / 32))",,,,1.26E-07,1.26E-07,1.26E-07
150,AFE513:PGA_R_FB_TB_1:1,"average(((VT(""/VON"") - VT(""/VOP"")) / 32))",,,,1.22E-07,1.22E-07,1.22E-07
232,AFE513:PGA_R_FB_TB_1:1,"average(((VT(""/VON"") - VT(""/VOP"")) / 32))",,,,1.21E-07,1.21E-07,1.21E-07
484,AFE513:PGA_R_FB_TB_1:1,"average(((VT(""/VON"") - VT(""/VOP"")) / 32))",,,,1.20E-07,1.20E-07,1.20E-07
39,AFE513:PGA_R_FB_TB_1:1,"average(((VT(""/VON"") - VT(""/VOP"")) / 32))",,,,1.19E-07,1.19E-07,1.19E-07
283,AFE513:PGA_R_FB_TB_1:1,"average(((VT(""/VON"") - VT(""/VOP"")) / 32))",,,,1.19E-07,1.19E-07,1.19E-07
147,AFE513:PGA_R_FB_TB_1:1,"average(((VT(""/VON"") - VT(""/VOP"")) / 32))",,,,1.17E-07,1.17E-07,1.17E-07
411,AFE513:PGA_R_FB_TB_1:1,"average(((VT(""/VON"") - VT(""/VOP"")) / 32))",,,,1.17E-07,1.17E-07,1.17E-07
377,AFE513:PGA_R_FB_TB_1:1,"average(((VT(""/VON"") - VT(""/VOP"")) / 32))",,,,1.15E-07,1.15E-07,1.15E-07
200,AFE513:PGA_R_FB_TB_1:1,"average(((VT(""/VON"") - VT(""/VOP"")) / 32))",,,,1.14E-07,1.14E-07,1.14E-07
10,AFE513:PGA_R_FB_TB_1:1,"average(((VT(""/VON"") - VT(""/VOP"")) / 32))",,,,1.14E-07,1.14E-07,1.14E-07
11,AFE513:PGA_R_FB_TB_1:1,"average(((VT(""/VON"") - VT(""/VOP"")) / 32))",,,,1.13E-07,1.13E-07,1.13E-07
235,AFE513:PGA_R_FB_TB_1:1,"average(((VT(""/VON"") - VT(""/VOP"")) / 32))",,,,1.11E-07,1.11E-07,1.11E-07
107,AFE513:PGA_R_FB_TB_1:1,"average(((VT(""/VON"") - VT(""/VOP"")) / 32))",,,,1.10E-07,1.10E-07,1.10E-07
127,AFE513:PGA_R_FB_TB_1:1,"average(((VT(""/VON"") - VT(""/VOP"")) / 32))",,,,1.09E-07,1.09E-07,1.09E-07
29,AFE513:PGA_R_FB_TB_1:1,"average(((VT(""/VON"") - VT(""/VOP"")) / 32))",,,,1.07E-07,1.07E-07,1.07E-07
280,AFE513:PGA_R_FB_TB_1:1,"average(((VT(""/VON"") - VT(""/VOP"")) / 32))",,,,1.07E-07,1.07E-07,1.07E-07
164,AFE513:PGA_R_FB_TB_1:1,"average(((VT(""/VON"") - VT(""/VOP"")) / 32))",,,,1.04E-07,1.04E-07,1.04E-07
49,AFE513:PGA_R_FB_TB_1:1,"average(((VT(""/VON"") - VT(""/VOP"")) / 32))",,,,1.04E-07,1.04E-07,1.04E-07
237,AFE513:PGA_R_FB_TB_1:1,"average(((VT(""/VON"") - VT(""/VOP"")) / 32))",,,,1.03E-07,1.03E-07,1.03E-07
385,AFE513:PGA_R_FB_TB_1:1,"average(((VT(""/VON"") - VT(""/VOP"")) / 32))",,,,1.03E-07,1.03E-07,1.03E-07
188,AFE513:PGA_R_FB_TB_1:1,"average(((VT(""/VON"") - VT(""/VOP"")) / 32))",,,,1.01E-07,1.01E-07,1.01E-07
428,AFE513:PGA_R_FB_TB_1:1,"average(((VT(""/VON"") - VT(""/VOP"")) / 32))",,,,1.00E-07,1.00E-07,1.00E-07
95,AFE513:PGA_R_FB_TB_1:1,"average(((VT(""/VON"") - VT(""/VOP"")) / 32))",,,,9.99E-08,9.99E-08,9.99E-08
284,AFE513:PGA_R_FB_TB_1:1,"average(((VT(""/VON"") - VT(""/VOP"")) / 32))",,,,9.99E-08,9.99E-08,9.99E-08
153,AFE513:PGA_R_FB_TB_1:1,"average(((VT(""/VON"") - VT(""/VOP"")) / 32))",,,,9.98E-08,9.98E-08,9.98E-08
404,AFE513:PGA_R_FB_TB_1:1,"average(((VT(""/VON"") - VT(""/VOP"")) / 32))",,,,9.92E-08,9.92E-08,9.92E-08
384,AFE513:PGA_R_FB_TB_1:1,"average(((VT(""/VON"") - VT(""/VOP"")) / 32))",,,,9.82E-08,9.82E-08,9.82E-08
73,AFE513:PGA_R_FB_TB_1:1,"average(((VT(""/VON"") - VT(""/VOP"")) / 32))",,,,9.44E-08,9.44E-08,9.44E-08
301,AFE513:PGA_R_FB_TB_1:1,"average(((VT(""/VON"") - VT(""/VOP"")) / 32))",,,,9.39E-08,9.39E-08,9.39E-08
351,AFE513:PGA_R_FB_TB_1:1,"average(((VT(""/VON"") - VT(""/VOP"")) / 32))",,,,9.27E-08,9.27E-08,9.27E-08
163,AFE513:PGA_R_FB_TB_1:1,"average(((VT(""/VON"") - VT(""/VOP"")) / 32))",,,,9.17E-08,9.17E-08,9.17E-08
178,AFE513:PGA_R_FB_TB_1:1,"average(((VT(""/VON"") - VT(""/VOP"")) / 32))",,,,9.14E-08,9.14E-08,9.14E-08
465,AFE513:PGA_R_FB_TB_1:1,"average(((VT(""/VON"") - VT(""/VOP"")) / 32))",,,,9.11E-08,9.11E-08,9.11E-08
259,AFE513:PGA_R_FB_TB_1:1,"average(((VT(""/VON"") - VT(""/VOP"")) / 32))",,,,8.96E-08,8.96E-08,8.96E-08
367,AFE513:PGA_R_FB_TB_1:1,"average(((VT(""/VON"") - VT(""/VOP"")) / 32))",,,,8.95E-08,8.95E-08,8.95E-08
25,AFE513:PGA_R_FB_TB_1:1,"average(((VT(""/VON"") - VT(""/VOP"")) / 32))",,,,8.90E-08,8.90E-08,8.90E-08
220,AFE513:PGA_R_FB_TB_1:1,"average(((VT(""/VON"") - VT(""/VOP"")) / 32))",,,,8.81E-08,8.81E-08,8.81E-08
119,AFE513:PGA_R_FB_TB_1:1,"average(((VT(""/VON"") - VT(""/VOP"")) / 32))",,,,8.69E-08,8.69E-08,8.69E-08
368,AFE513:PGA_R_FB_TB_1:1,"average(((VT(""/VON"") - VT(""/VOP"")) / 32))",,,,8.68E-08,8.68E-08,8.68E-08
17,AFE513:PGA_R_FB_TB_1:1,"average(((VT(""/VON"") - VT(""/VOP"")) / 32))",,,,8.51E-08,8.51E-08,8.51E-08
33,AFE513:PGA_R_FB_TB_1:1,"average(((VT(""/VON"") - VT(""/VOP"")) / 32))",,,,8.46E-08,8.46E-08,8.46E-08
121,AFE513:PGA_R_FB_TB_1:1,"average(((VT(""/VON"") - VT(""/VOP"")) / 32))",,,,8.31E-08,8.31E-08,8.31E-08
35,AFE513:PGA_R_FB_TB_1:1,"average(((VT(""/VON"") - VT(""/VOP"")) / 32))",,,,8.26E-08,8.26E-08,8.26E-08
431,AFE513:PGA_R_FB_TB_1:1,"average(((VT(""/VON"") - VT(""/VOP"")) / 32))",,,,8.04E-08,8.04E-08,8.04E-08
225,AFE513:PGA_R_FB_TB_1:1,"average(((VT(""/VON"") - VT(""/VOP"")) / 32))",,,,7.83E-08,7.83E-08,7.83E-08
174,AFE513:PGA_R_FB_TB_1:1,"average(((VT(""/VON"") - VT(""/VOP"")) / 32))",,,,7.73E-08,7.73E-08,7.73E-08
363,AFE513:PGA_R_FB_TB_1:1,"average(((VT(""/VON"") - VT(""/VOP"")) / 32))",,,,7.73E-08,7.73E-08,7.73E-08
340,AFE513:PGA_R_FB_TB_1:1,"average(((VT(""/VON"") - VT(""/VOP"")) / 32))",,,,7.59E-08,7.59E-08,7.59E-08
44,AFE513:PGA_R_FB_TB_1:1,"average(((VT(""/VON"") - VT(""/VOP"")) / 32))",,,,7.56E-08,7.56E-08,7.56E-08
154,AFE513:PGA_R_FB_TB_1:1,"average(((VT(""/VON"") - VT(""/VOP"")) / 32))",,,,7.54E-08,7.54E-08,7.54E-08
329,AFE513:PGA_R_FB_TB_1:1,"average(((VT(""/VON"") - VT(""/VOP"")) / 32))",,,,7.54E-08,7.54E-08,7.54E-08
459,AFE513:PGA_R_FB_TB_1:1,"average(((VT(""/VON"") - VT(""/VOP"")) / 32))",,,,7.44E-08,7.44E-08,7.44E-08
413,AFE513:PGA_R_FB_TB_1:1,"average(((VT(""/VON"") - VT(""/VOP"")) / 32))",,,,7.21E-08,7.21E-08,7.21E-08
482,AFE513:PGA_R_FB_TB_1:1,"average(((VT(""/VON"") - VT(""/VOP"")) / 32))",,,,7.21E-08,7.21E-08,7.21E-08
51,AFE513:PGA_R_FB_TB_1:1,"average(((VT(""/VON"") - VT(""/VOP"")) / 32))",,,,7.20E-08,7.20E-08,7.20E-08
341,AFE513:PGA_R_FB_TB_1:1,"average(((VT(""/VON"") - VT(""/VOP"")) / 32))",,,,7.15E-08,7.15E-08,7.15E-08
321,AFE513:PGA_R_FB_TB_1:1,"average(((VT(""/VON"") - VT(""/VOP"")) / 32))",,,,7.09E-08,7.09E-08,7.09E-08
81,AFE513:PGA_R_FB_TB_1:1,"average(((VT(""/VON"") - VT(""/VOP"")) / 32))",,,,7.00E-08,7.00E-08,7.00E-08
271,AFE513:PGA_R_FB_TB_1:1,"average(((VT(""/VON"") - VT(""/VOP"")) / 32))",,,,6.93E-08,6.93E-08,6.93E-08
244,AFE513:PGA_R_FB_TB_1:1,"average(((VT(""/VON"") - VT(""/VOP"")) / 32))",,,,6.73E-08,6.73E-08,6.73E-08
365,AFE513:PGA_R_FB_TB_1:1,"average(((VT(""/VON"") - VT(""/VOP"")) / 32))",,,,6.58E-08,6.58E-08,6.58E-08
148,AFE513:PGA_R_FB_TB_1:1,"average(((VT(""/VON"") - VT(""/VOP"")) / 32))",,,,6.39E-08,6.39E-08,6.39E-08
438,AFE513:PGA_R_FB_TB_1:1,"average(((VT(""/VON"") - VT(""/VOP"")) / 32))",,,,6.34E-08,6.34E-08,6.34E-08
217,AFE513:PGA_R_FB_TB_1:1,"average(((VT(""/VON"") - VT(""/VOP"")) / 32))",,,,6.31E-08,6.31E-08,6.31E-08
287,AFE513:PGA_R_FB_TB_1:1,"average(((VT(""/VON"") - VT(""/VOP"")) / 32))",,,,6.22E-08,6.22E-08,6.22E-08
43,AFE513:PGA_R_FB_TB_1:1,"average(((VT(""/VON"") - VT(""/VOP"")) / 32))",,,,6.20E-08,6.20E-08,6.20E-08
123,AFE513:PGA_R_FB_TB_1:1,"average(((VT(""/VON"") - VT(""/VOP"")) / 32))",,,,6.15E-08,6.15E-08,6.15E-08
439,AFE513:PGA_R_FB_TB_1:1,"average(((VT(""/VON"") - VT(""/VOP"")) / 32))",,,,6.12E-08,6.12E-08,6.12E-08
304,AFE513:PGA_R_FB_TB_1:1,"average(((VT(""/VON"") - VT(""/VOP"")) / 32))",,,,6.11E-08,6.11E-08,6.11E-08
211,AFE513:PGA_R_FB_TB_1:1,"average(((VT(""/VON"") - VT(""/VOP"")) / 32))",,,,6.10E-08,6.10E-08,6.10E-08
1,AFE513:PGA_R_FB_TB_1:1,"average(((VT(""/VON"") - VT(""/VOP"")) / 32))",,,,5.98E-08,5.98E-08,5.98E-08
192,AFE513:PGA_R_FB_TB_1:1,"average(((VT(""/VON"") - VT(""/VOP"")) / 32))",,,,5.79E-08,5.79E-08,5.79E-08
448,AFE513:PGA_R_FB_TB_1:1,"average(((VT(""/VON"") - VT(""/VOP"")) / 32))",,,,5.77E-08,5.77E-08,5.77E-08
12,AFE513:PGA_R_FB_TB_1:1,"average(((VT(""/VON"") - VT(""/VOP"")) / 32))",,,,5.72E-08,5.72E-08,5.72E-08
14,AFE513:PGA_R_FB_TB_1:1,"average(((VT(""/VON"") - VT(""/VOP"")) / 32))",,,,5.71E-08,5.71E-08,5.71E-08
221,AFE513:PGA_R_FB_TB_1:1,"average(((VT(""/VON"") - VT(""/VOP"")) / 32))",,,,5.65E-08,5.65E-08,5.65E-08
257,AFE513:PGA_R_FB_TB_1:1,"average(((VT(""/VON"") - VT(""/VOP"")) / 32))",,,,5.50E-08,5.50E-08,5.50E-08
429,AFE513:PGA_R_FB_TB_1:1,"average(((VT(""/VON"") - VT(""/VOP"")) / 32))",,,,5.31E-08,5.31E-08,5.31E-08
135,AFE513:PGA_R_FB_TB_1:1,"average(((VT(""/VON"") - VT(""/VOP"")) / 32))",,,,5.25E-08,5.25E-08,5.25E-08
442,AFE513:PGA_R_FB_TB_1:1,"average(((VT(""/VON"") - VT(""/VOP"")) / 32))",,,,5.24E-08,5.24E-08,5.24E-08
223,AFE513:PGA_R_FB_TB_1:1,"average(((VT(""/VON"") - VT(""/VOP"")) / 32))",,,,5.23E-08,5.23E-08,5.23E-08
441,AFE513:PGA_R_FB_TB_1:1,"average(((VT(""/VON"") - VT(""/VOP"")) / 32))",,,,4.95E-08,4.95E-08,4.95E-08
324,AFE513:PGA_R_FB_TB_1:1,"average(((VT(""/VON"") - VT(""/VOP"")) / 32))",,,,4.79E-08,4.79E-08,4.79E-08
496,AFE513:PGA_R_FB_TB_1:1,"average(((VT(""/VON"") - VT(""/VOP"")) / 32))",,,,4.74E-08,4.74E-08,4.74E-08
345,AFE513:PGA_R_FB_TB_1:1,"average(((VT(""/VON"") - VT(""/VOP"")) / 32))",,,,4.70E-08,4.70E-08,4.70E-08
19,AFE513:PGA_R_FB_TB_1:1,"average(((VT(""/VON"") - VT(""/VOP"")) / 32))",,,,4.69E-08,4.69E-08,4.69E-08
21,AFE513:PGA_R_FB_TB_1:1,"average(((VT(""/VON"") - VT(""/VOP"")) / 32))",,,,4.46E-08,4.46E-08,4.46E-08
181,AFE513:PGA_R_FB_TB_1:1,"average(((VT(""/VON"") - VT(""/VOP"")) / 32))",,,,4.39E-08,4.39E-08,4.39E-08
242,AFE513:PGA_R_FB_TB_1:1,"average(((VT(""/VON"") - VT(""/VOP"")) / 32))",,,,4.35E-08,4.35E-08,4.35E-08
414,AFE513:PGA_R_FB_TB_1:1,"average(((VT(""/VON"") - VT(""/VOP"")) / 32))",,,,4.34E-08,4.34E-08,4.34E-08
216,AFE513:PGA_R_FB_TB_1:1,"average(((VT(""/VON"") - VT(""/VOP"")) / 32))",,,,4.21E-08,4.21E-08,4.21E-08
406,AFE513:PGA_R_FB_TB_1:1,"average(((VT(""/VON"") - VT(""/VOP"")) / 32))",,,,4.20E-08,4.20E-08,4.20E-08
322,AFE513:PGA_R_FB_TB_1:1,"average(((VT(""/VON"") - VT(""/VOP"")) / 32))",,,,4.20E-08,4.20E-08,4.20E-08
114,AFE513:PGA_R_FB_TB_1:1,"average(((VT(""/VON"") - VT(""/VOP"")) / 32))",,,,4.17E-08,4.17E-08,4.17E-08
285,AFE513:PGA_R_FB_TB_1:1,"average(((VT(""/VON"") - VT(""/VOP"")) / 32))",,,,4.16E-08,4.16E-08,4.16E-08
54,AFE513:PGA_R_FB_TB_1:1,"average(((VT(""/VON"") - VT(""/VOP"")) / 32))",,,,4.02E-08,4.02E-08,4.02E-08
492,AFE513:PGA_R_FB_TB_1:1,"average(((VT(""/VON"") - VT(""/VOP"")) / 32))",,,,3.96E-08,3.96E-08,3.96E-08
140,AFE513:PGA_R_FB_TB_1:1,"average(((VT(""/VON"") - VT(""/VOP"")) / 32))",,,,3.82E-08,3.82E-08,3.82E-08
466,AFE513:PGA_R_FB_TB_1:1,"average(((VT(""/VON"") - VT(""/VOP"")) / 32))",,,,3.73E-08,3.73E-08,3.73E-08
415,AFE513:PGA_R_FB_TB_1:1,"average(((VT(""/VON"") - VT(""/VOP"")) / 32))",,,,3.69E-08,3.69E-08,3.69E-08
265,AFE513:PGA_R_FB_TB_1:1,"average(((VT(""/VON"") - VT(""/VOP"")) / 32))",,,,3.65E-08,3.65E-08,3.65E-08
128,AFE513:PGA_R_FB_TB_1:1,"average(((VT(""/VON"") - VT(""/VOP"")) / 32))",,,,3.54E-08,3.54E-08,3.54E-08
272,AFE513:PGA_R_FB_TB_1:1,"average(((VT(""/VON"") - VT(""/VOP"")) / 32))",,,,3.37E-08,3.37E-08,3.37E-08
352,AFE513:PGA_R_FB_TB_1:1,"average(((VT(""/VON"") - VT(""/VOP"")) / 32))",,,,3.26E-08,3.26E-08,3.26E-08
72,AFE513:PGA_R_FB_TB_1:1,"average(((VT(""/VON"") - VT(""/VOP"")) / 32))",,,,3.22E-08,3.22E-08,3.22E-08
297,AFE513:PGA_R_FB_TB_1:1,"average(((VT(""/VON"") - VT(""/VOP"")) / 32))",,,,3.16E-08,3.16E-08,3.16E-08
8,AFE513:PGA_R_FB_TB_1:1,"average(((VT(""/VON"") - VT(""/VOP"")) / 32))",,,,3.13E-08,3.13E-08,3.13E-08
186,AFE513:PGA_R_FB_TB_1:1,"average(((VT(""/VON"") - VT(""/VOP"")) / 32))",,,,3.11E-08,3.11E-08,3.11E-08
489,AFE513:PGA_R_FB_TB_1:1,"average(((VT(""/VON"") - VT(""/VOP"")) / 32))",,,,3.09E-08,3.09E-08,3.09E-08
462,AFE513:PGA_R_FB_TB_1:1,"average(((VT(""/VON"") - VT(""/VOP"")) / 32))",,,,3.03E-08,3.03E-08,3.03E-08
286,AFE513:PGA_R_FB_TB_1:1,"average(((VT(""/VON"") - VT(""/VOP"")) / 32))",,,,3.02E-08,3.02E-08,3.02E-08
475,AFE513:PGA_R_FB_TB_1:1,"average(((VT(""/VON"") - VT(""/VOP"")) / 32))",,,,2.87E-08,2.87E-08,2.87E-08
152,AFE513:PGA_R_FB_TB_1:1,"average(((VT(""/VON"") - VT(""/VOP"")) / 32))",,,,2.86E-08,2.86E-08,2.86E-08
302,AFE513:PGA_R_FB_TB_1:1,"average(((VT(""/VON"") - VT(""/VOP"")) / 32))",,,,2.84E-08,2.84E-08,2.84E-08
450,AFE513:PGA_R_FB_TB_1:1,"average(((VT(""/VON"") - VT(""/VOP"")) / 32))",,,,2.72E-08,2.72E-08,2.72E-08
494,AFE513:PGA_R_FB_TB_1:1,"average(((VT(""/VON"") - VT(""/VOP"")) / 32))",,,,2.70E-08,2.70E-08,2.70E-08
61,AFE513:PGA_R_FB_TB_1:1,"average(((VT(""/VON"") - VT(""/VOP"")) / 32))",,,,2.62E-08,2.62E-08,2.62E-08
87,AFE513:PGA_R_FB_TB_1:1,"average(((VT(""/VON"") - VT(""/VOP"")) / 32))",,,,2.57E-08,2.57E-08,2.57E-08
335,AFE513:PGA_R_FB_TB_1:1,"average(((VT(""/VON"") - VT(""/VOP"")) / 32))",,,,2.53E-08,2.53E-08,2.53E-08
74,AFE513:PGA_R_FB_TB_1:1,"average(((VT(""/VON"") - VT(""/VOP"")) / 32))",,,,2.52E-08,2.52E-08,2.52E-08
393,AFE513:PGA_R_FB_TB_1:1,"average(((VT(""/VON"") - VT(""/VOP"")) / 32))",,,,2.43E-08,2.43E-08,2.43E-08
325,AFE513:PGA_R_FB_TB_1:1,"average(((VT(""/VON"") - VT(""/VOP"")) / 32))",,,,2.42E-08,2.42E-08,2.42E-08
316,AFE513:PGA_R_FB_TB_1:1,"average(((VT(""/VON"") - VT(""/VOP"")) / 32))",,,,2.41E-08,2.41E-08,2.41E-08
344,AFE513:PGA_R_FB_TB_1:1,"average(((VT(""/VON"") - VT(""/VOP"")) / 32))",,,,2.35E-08,2.35E-08,2.35E-08
350,AFE513:PGA_R_FB_TB_1:1,"average(((VT(""/VON"") - VT(""/VOP"")) / 32))",,,,2.19E-08,2.19E-08,2.19E-08
129,AFE513:PGA_R_FB_TB_1:1,"average(((VT(""/VON"") - VT(""/VOP"")) / 32))",,,,2.18E-08,2.18E-08,2.18E-08
481,AFE513:PGA_R_FB_TB_1:1,"average(((VT(""/VON"") - VT(""/VOP"")) / 32))",,,,2.16E-08,2.16E-08,2.16E-08
7,AFE513:PGA_R_FB_TB_1:1,"average(((VT(""/VON"") - VT(""/VOP"")) / 32))",,,,2.15E-08,2.15E-08,2.15E-08
361,AFE513:PGA_R_FB_TB_1:1,"average(((VT(""/VON"") - VT(""/VOP"")) / 32))",,,,2.11E-08,2.11E-08,2.11E-08
461,AFE513:PGA_R_FB_TB_1:1,"average(((VT(""/VON"") - VT(""/VOP"")) / 32))",,,,2.10E-08,2.10E-08,2.10E-08
336,AFE513:PGA_R_FB_TB_1:1,"average(((VT(""/VON"") - VT(""/VOP"")) / 32))",,,,2.10E-08,2.10E-08,2.10E-08
185,AFE513:PGA_R_FB_TB_1:1,"average(((VT(""/VON"") - VT(""/VOP"")) / 32))",,,,2.08E-08,2.08E-08,2.08E-08
248,AFE513:PGA_R_FB_TB_1:1,"average(((VT(""/VON"") - VT(""/VOP"")) / 32))",,,,1.98E-08,1.98E-08,1.98E-08
78,AFE513:PGA_R_FB_TB_1:1,"average(((VT(""/VON"") - VT(""/VOP"")) / 32))",,,,1.97E-08,1.97E-08,1.97E-08
117,AFE513:PGA_R_FB_TB_1:1,"average(((VT(""/VON"") - VT(""/VOP"")) / 32))",,,,1.84E-08,1.84E-08,1.84E-08
141,AFE513:PGA_R_FB_TB_1:1,"average(((VT(""/VON"") - VT(""/VOP"")) / 32))",,,,1.77E-08,1.77E-08,1.77E-08
397,AFE513:PGA_R_FB_TB_1:1,"average(((VT(""/VON"") - VT(""/VOP"")) / 32))",,,,1.76E-08,1.76E-08,1.76E-08
9,AFE513:PGA_R_FB_TB_1:1,"average(((VT(""/VON"") - VT(""/VOP"")) / 32))",,,,1.71E-08,1.71E-08,1.71E-08
451,AFE513:PGA_R_FB_TB_1:1,"average(((VT(""/VON"") - VT(""/VOP"")) / 32))",,,,1.70E-08,1.70E-08,1.70E-08
126,AFE513:PGA_R_FB_TB_1:1,"average(((VT(""/VON"") - VT(""/VOP"")) / 32))",,,,1.68E-08,1.68E-08,1.68E-08
142,AFE513:PGA_R_FB_TB_1:1,"average(((VT(""/VON"") - VT(""/VOP"")) / 32))",,,,1.60E-08,1.60E-08,1.60E-08
169,AFE513:PGA_R_FB_TB_1:1,"average(((VT(""/VON"") - VT(""/VOP"")) / 32))",,,,1.60E-08,1.60E-08,1.60E-08
100,AFE513:PGA_R_FB_TB_1:1,"average(((VT(""/VON"") - VT(""/VOP"")) / 32))",,,,1.57E-08,1.57E-08,1.57E-08
230,AFE513:PGA_R_FB_TB_1:1,"average(((VT(""/VON"") - VT(""/VOP"")) / 32))",,,,1.56E-08,1.56E-08,1.56E-08
388,AFE513:PGA_R_FB_TB_1:1,"average(((VT(""/VON"") - VT(""/VOP"")) / 32))",,,,1.54E-08,1.54E-08,1.54E-08
447,AFE513:PGA_R_FB_TB_1:1,"average(((VT(""/VON"") - VT(""/VOP"")) / 32))",,,,1.45E-08,1.45E-08,1.45E-08
171,AFE513:PGA_R_FB_TB_1:1,"average(((VT(""/VON"") - VT(""/VOP"")) / 32))",,,,1.41E-08,1.41E-08,1.41E-08
99,AFE513:PGA_R_FB_TB_1:1,"average(((VT(""/VON"") - VT(""/VOP"")) / 32))",,,,1.37E-08,1.37E-08,1.37E-08
57,AFE513:PGA_R_FB_TB_1:1,"average(((VT(""/VON"") - VT(""/VOP"")) / 32))",,,,1.28E-08,1.28E-08,1.28E-08
281,AFE513:PGA_R_FB_TB_1:1,"average(((VT(""/VON"") - VT(""/VOP"")) / 32))",,,,1.13E-08,1.13E-08,1.13E-08
473,AFE513:PGA_R_FB_TB_1:1,"average(((VT(""/VON"") - VT(""/VOP"")) / 32))",,,,1.03E-08,1.03E-08,1.03E-08
317,AFE513:PGA_R_FB_TB_1:1,"average(((VT(""/VON"") - VT(""/VOP"")) / 32))",,,,9.40E-09,9.40E-09,9.40E-09
491,AFE513:PGA_R_FB_TB_1:1,"average(((VT(""/VON"") - VT(""/VOP"")) / 32))",,,,9.40E-09,9.40E-09,9.40E-09
326,AFE513:PGA_R_FB_TB_1:1,"average(((VT(""/VON"") - VT(""/VOP"")) / 32))",,,,9.09E-09,9.09E-09,9.09E-09
333,AFE513:PGA_R_FB_TB_1:1,"average(((VT(""/VON"") - VT(""/VOP"")) / 32))",,,,9.02E-09,9.02E-09,9.02E-09
41,AFE513:PGA_R_FB_TB_1:1,"average(((VT(""/VON"") - VT(""/VOP"")) / 32))",,,,8.96E-09,8.96E-09,8.96E-09
372,AFE513:PGA_R_FB_TB_1:1,"average(((VT(""/VON"") - VT(""/VOP"")) / 32))",,,,8.77E-09,8.77E-09,8.77E-09
380,AFE513:PGA_R_FB_TB_1:1,"average(((VT(""/VON"") - VT(""/VOP"")) / 32))",,,,8.26E-09,8.26E-09,8.26E-09
381,AFE513:PGA_R_FB_TB_1:1,"average(((VT(""/VON"") - VT(""/VOP"")) / 32))",,,,7.92E-09,7.92E-09,7.92E-09
342,AFE513:PGA_R_FB_TB_1:1,"average(((VT(""/VON"") - VT(""/VOP"")) / 32))",,,,7.80E-09,7.80E-09,7.80E-09
93,AFE513:PGA_R_FB_TB_1:1,"average(((VT(""/VON"") - VT(""/VOP"")) / 32))",,,,7.21E-09,7.21E-09,7.21E-09
2,AFE513:PGA_R_FB_TB_1:1,"average(((VT(""/VON"") - VT(""/VOP"")) / 32))",,,,5.65E-09,5.65E-09,5.65E-09
246,AFE513:PGA_R_FB_TB_1:1,"average(((VT(""/VON"") - VT(""/VOP"")) / 32))",,,,5.37E-09,5.37E-09,5.37E-09
218,AFE513:PGA_R_FB_TB_1:1,"average(((VT(""/VON"") - VT(""/VOP"")) / 32))",,,,3.94E-09,3.94E-09,3.94E-09
36,AFE513:PGA_R_FB_TB_1:1,"average(((VT(""/VON"") - VT(""/VOP"")) / 32))",,,,3.39E-09,3.39E-09,3.39E-09
354,AFE513:PGA_R_FB_TB_1:1,"average(((VT(""/VON"") - VT(""/VOP"")) / 32))",,,,2.19E-09,2.19E-09,2.19E-09
222,AFE513:PGA_R_FB_TB_1:1,"average(((VT(""/VON"") - VT(""/VOP"")) / 32))",,,,1.70E-09,1.70E-09,1.70E-09
240,AFE513:PGA_R_FB_TB_1:1,"average(((VT(""/VON"") - VT(""/VOP"")) / 32))",,,,1.63E-09,1.63E-09,1.63E-09
245,AFE513:PGA_R_FB_TB_1:1,"average(((VT(""/VON"") - VT(""/VOP"")) / 32))",,,,1.38E-09,1.38E-09,1.38E-09
214,AFE513:PGA_R_FB_TB_1:1,"average(((VT(""/VON"") - VT(""/VOP"")) / 32))",,,,9.23E-10,9.23E-10,9.23E-10
28,AFE513:PGA_R_FB_TB_1:1,"average(((VT(""/VON"") - VT(""/VOP"")) / 32))",,,,7.62E-10,7.62E-10,7.62E-10
199,AFE513:PGA_R_FB_TB_1:1,"average(((VT(""/VON"") - VT(""/VOP"")) / 32))",,,,4.59E-10,4.59E-10,4.59E-10
176,AFE513:PGA_R_FB_TB_1:1,"average(((VT(""/VON"") - VT(""/VOP"")) / 32))",,,,2.27E-10,2.27E-10,2.27E-10
308,AFE513:PGA_R_FB_TB_1:1,"average(((VT(""/VON"") - VT(""/VOP"")) / 32))",,,,1.33E-10,1.33E-10,1.33E-10
371,AFE513:PGA_R_FB_TB_1:1,"average(((VT(""/VON"") - VT(""/VOP"")) / 32))",,,,4.64E-11,4.64E-11,4.64E-11
96,AFE513:PGA_R_FB_TB_1:1,"average(((VT(""/VON"") - VT(""/VOP"")) / 32))",,,,-1.48E-11,-1.48E-11,-1.48E-11
315,AFE513:PGA_R_FB_TB_1:1,"average(((VT(""/VON"") - VT(""/VOP"")) / 32))",,,,-2.19E-11,-2.19E-11,-2.19E-11
362,AFE513:PGA_R_FB_TB_1:1,"average(((VT(""/VON"") - VT(""/VOP"")) / 32))",,,,-5.49E-11,-5.49E-11,-5.49E-11
115,AFE513:PGA_R_FB_TB_1:1,"average(((VT(""/VON"") - VT(""/VOP"")) / 32))",,,,-9.81E-11,-9.81E-11,-9.81E-11
168,AFE513:PGA_R_FB_TB_1:1,"average(((VT(""/VON"") - VT(""/VOP"")) / 32))",,,,-2.19E-10,-2.19E-10,-2.19E-10
306,AFE513:PGA_R_FB_TB_1:1,"average(((VT(""/VON"") - VT(""/VOP"")) / 32))",,,,-2.56E-10,-2.56E-10,-2.56E-10
77,AFE513:PGA_R_FB_TB_1:1,"average(((VT(""/VON"") - VT(""/VOP"")) / 32))",,,,-3.56E-10,-3.56E-10,-3.56E-10
92,AFE513:PGA_R_FB_TB_1:1,"average(((VT(""/VON"") - VT(""/VOP"")) / 32))",,,,-3.89E-10,-3.89E-10,-3.89E-10
294,AFE513:PGA_R_FB_TB_1:1,"average(((VT(""/VON"") - VT(""/VOP"")) / 32))",,,,-4.23E-10,-4.23E-10,-4.23E-10
24,AFE513:PGA_R_FB_TB_1:1,"average(((VT(""/VON"") - VT(""/VOP"")) / 32))",,,,-4.35E-10,-4.35E-10,-4.35E-10
197,AFE513:PGA_R_FB_TB_1:1,"average(((VT(""/VON"") - VT(""/VOP"")) / 32))",,,,-4.51E-10,-4.51E-10,-4.51E-10
149,AFE513:PGA_R_FB_TB_1:1,"average(((VT(""/VON"") - VT(""/VOP"")) / 32))",,,,-6.39E-10,-6.39E-10,-6.39E-10
422,AFE513:PGA_R_FB_TB_1:1,"average(((VT(""/VON"") - VT(""/VOP"")) / 32))",,,,-6.61E-10,-6.61E-10,-6.61E-10
106,AFE513:PGA_R_FB_TB_1:1,"average(((VT(""/VON"") - VT(""/VOP"")) / 32))",,,,-9.23E-10,-9.23E-10,-9.23E-10
236,AFE513:PGA_R_FB_TB_1:1,"average(((VT(""/VON"") - VT(""/VOP"")) / 32))",,,,-9.40E-10,-9.40E-10,-9.40E-10
48,AFE513:PGA_R_FB_TB_1:1,"average(((VT(""/VON"") - VT(""/VOP"")) / 32))",,,,-9.78E-10,-9.78E-10,-9.78E-10
366,AFE513:PGA_R_FB_TB_1:1,"average(((VT(""/VON"") - VT(""/VOP"")) / 32))",,,,-2.51E-09,-2.51E-09,-2.51E-09
228,AFE513:PGA_R_FB_TB_1:1,"average(((VT(""/VON"") - VT(""/VOP"")) / 32))",,,,-3.13E-09,-3.13E-09,-3.13E-09
425,AFE513:PGA_R_FB_TB_1:1,"average(((VT(""/VON"") - VT(""/VOP"")) / 32))",,,,-3.45E-09,-3.45E-09,-3.45E-09
379,AFE513:PGA_R_FB_TB_1:1,"average(((VT(""/VON"") - VT(""/VOP"")) / 32))",,,,-3.55E-09,-3.55E-09,-3.55E-09
138,AFE513:PGA_R_FB_TB_1:1,"average(((VT(""/VON"") - VT(""/VOP"")) / 32))",,,,-3.87E-09,-3.87E-09,-3.87E-09
464,AFE513:PGA_R_FB_TB_1:1,"average(((VT(""/VON"") - VT(""/VOP"")) / 32))",,,,-4.00E-09,-4.00E-09,-4.00E-09
289,AFE513:PGA_R_FB_TB_1:1,"average(((VT(""/VON"") - VT(""/VOP"")) / 32))",,,,-4.21E-09,-4.21E-09,-4.21E-09
58,AFE513:PGA_R_FB_TB_1:1,"average(((VT(""/VON"") - VT(""/VOP"")) / 32))",,,,-4.35E-09,-4.35E-09,-4.35E-09
165,AFE513:PGA_R_FB_TB_1:1,"average(((VT(""/VON"") - VT(""/VOP"")) / 32))",,,,-4.62E-09,-4.62E-09,-4.62E-09
224,AFE513:PGA_R_FB_TB_1:1,"average(((VT(""/VON"") - VT(""/VOP"")) / 32))",,,,-4.84E-09,-4.84E-09,-4.84E-09
182,AFE513:PGA_R_FB_TB_1:1,"average(((VT(""/VON"") - VT(""/VOP"")) / 32))",,,,-5.08E-09,-5.08E-09,-5.08E-09
430,AFE513:PGA_R_FB_TB_1:1,"average(((VT(""/VON"") - VT(""/VOP"")) / 32))",,,,-5.12E-09,-5.12E-09,-5.12E-09
125,AFE513:PGA_R_FB_TB_1:1,"average(((VT(""/VON"") - VT(""/VOP"")) / 32))",,,,-6.80E-09,-6.80E-09,-6.80E-09
193,AFE513:PGA_R_FB_TB_1:1,"average(((VT(""/VON"") - VT(""/VOP"")) / 32))",,,,-6.98E-09,-6.98E-09,-6.98E-09
254,AFE513:PGA_R_FB_TB_1:1,"average(((VT(""/VON"") - VT(""/VOP"")) / 32))",,,,-7.91E-09,-7.91E-09,-7.91E-09
486,AFE513:PGA_R_FB_TB_1:1,"average(((VT(""/VON"") - VT(""/VOP"")) / 32))",,,,-8.33E-09,-8.33E-09,-8.33E-09
166,AFE513:PGA_R_FB_TB_1:1,"average(((VT(""/VON"") - VT(""/VOP"")) / 32))",,,,-9.17E-09,-9.17E-09,-9.17E-09
396,AFE513:PGA_R_FB_TB_1:1,"average(((VT(""/VON"") - VT(""/VOP"")) / 32))",,,,-9.42E-09,-9.42E-09,-9.42E-09
386,AFE513:PGA_R_FB_TB_1:1,"average(((VT(""/VON"") - VT(""/VOP"")) / 32))",,,,-9.91E-09,-9.91E-09,-9.91E-09
420,AFE513:PGA_R_FB_TB_1:1,"average(((VT(""/VON"") - VT(""/VOP"")) / 32))",,,,-1.05E-08,-1.05E-08,-1.05E-08
268,AFE513:PGA_R_FB_TB_1:1,"average(((VT(""/VON"") - VT(""/VOP"")) / 32))",,,,-1.15E-08,-1.15E-08,-1.15E-08
330,AFE513:PGA_R_FB_TB_1:1,"average(((VT(""/VON"") - VT(""/VOP"")) / 32))",,,,-1.23E-08,-1.23E-08,-1.23E-08
477,AFE513:PGA_R_FB_TB_1:1,"average(((VT(""/VON"") - VT(""/VOP"")) / 32))",,,,-1.24E-08,-1.24E-08,-1.24E-08
6,AFE513:PGA_R_FB_TB_1:1,"average(((VT(""/VON"") - VT(""/VOP"")) / 32))",,,,-1.24E-08,-1.24E-08,-1.24E-08
305,AFE513:PGA_R_FB_TB_1:1,"average(((VT(""/VON"") - VT(""/VOP"")) / 32))",,,,-1.25E-08,-1.25E-08,-1.25E-08
37,AFE513:PGA_R_FB_TB_1:1,"average(((VT(""/VON"") - VT(""/VOP"")) / 32))",,,,-1.29E-08,-1.29E-08,-1.29E-08
432,AFE513:PGA_R_FB_TB_1:1,"average(((VT(""/VON"") - VT(""/VOP"")) / 32))",,,,-1.32E-08,-1.32E-08,-1.32E-08
426,AFE513:PGA_R_FB_TB_1:1,"average(((VT(""/VON"") - VT(""/VOP"")) / 32))",,,,-1.35E-08,-1.35E-08,-1.35E-08
23,AFE513:PGA_R_FB_TB_1:1,"average(((VT(""/VON"") - VT(""/VOP"")) / 32))",,,,-1.38E-08,-1.38E-08,-1.38E-08
46,AFE513:PGA_R_FB_TB_1:1,"average(((VT(""/VON"") - VT(""/VOP"")) / 32))",,,,-1.41E-08,-1.41E-08,-1.41E-08
434,AFE513:PGA_R_FB_TB_1:1,"average(((VT(""/VON"") - VT(""/VOP"")) / 32))",,,,-1.41E-08,-1.41E-08,-1.41E-08
454,AFE513:PGA_R_FB_TB_1:1,"average(((VT(""/VON"") - VT(""/VOP"")) / 32))",,,,-1.45E-08,-1.45E-08,-1.45E-08
392,AFE513:PGA_R_FB_TB_1:1,"average(((VT(""/VON"") - VT(""/VOP"")) / 32))",,,,-1.54E-08,-1.54E-08,-1.54E-08
86,AFE513:PGA_R_FB_TB_1:1,"average(((VT(""/VON"") - VT(""/VOP"")) / 32))",,,,-1.64E-08,-1.64E-08,-1.64E-08
275,AFE513:PGA_R_FB_TB_1:1,"average(((VT(""/VON"") - VT(""/VOP"")) / 32))",,,,-1.69E-08,-1.69E-08,-1.69E-08
62,AFE513:PGA_R_FB_TB_1:1,"average(((VT(""/VON"") - VT(""/VOP"")) / 32))",,,,-1.70E-08,-1.70E-08,-1.70E-08
161,AFE513:PGA_R_FB_TB_1:1,"average(((VT(""/VON"") - VT(""/VOP"")) / 32))",,,,-1.70E-08,-1.70E-08,-1.70E-08
124,AFE513:PGA_R_FB_TB_1:1,"average(((VT(""/VON"") - VT(""/VOP"")) / 32))",,,,-1.71E-08,-1.71E-08,-1.71E-08
233,AFE513:PGA_R_FB_TB_1:1,"average(((VT(""/VON"") - VT(""/VOP"")) / 32))",,,,-1.72E-08,-1.72E-08,-1.72E-08
273,AFE513:PGA_R_FB_TB_1:1,"average(((VT(""/VON"") - VT(""/VOP"")) / 32))",,,,-1.75E-08,-1.75E-08,-1.75E-08
160,AFE513:PGA_R_FB_TB_1:1,"average(((VT(""/VON"") - VT(""/VOP"")) / 32))",,,,-1.78E-08,-1.78E-08,-1.78E-08
133,AFE513:PGA_R_FB_TB_1:1,"average(((VT(""/VON"") - VT(""/VOP"")) / 32))",,,,-1.81E-08,-1.81E-08,-1.81E-08
424,AFE513:PGA_R_FB_TB_1:1,"average(((VT(""/VON"") - VT(""/VOP"")) / 32))",,,,-1.81E-08,-1.81E-08,-1.81E-08
334,AFE513:PGA_R_FB_TB_1:1,"average(((VT(""/VON"") - VT(""/VOP"")) / 32))",,,,-1.84E-08,-1.84E-08,-1.84E-08
22,AFE513:PGA_R_FB_TB_1:1,"average(((VT(""/VON"") - VT(""/VOP"")) / 32))",,,,-2.00E-08,-2.00E-08,-2.00E-08
446,AFE513:PGA_R_FB_TB_1:1,"average(((VT(""/VON"") - VT(""/VOP"")) / 32))",,,,-2.20E-08,-2.20E-08,-2.20E-08
410,AFE513:PGA_R_FB_TB_1:1,"average(((VT(""/VON"") - VT(""/VOP"")) / 32))",,,,-2.22E-08,-2.22E-08,-2.22E-08
108,AFE513:PGA_R_FB_TB_1:1,"average(((VT(""/VON"") - VT(""/VOP"")) / 32))",,,,-2.27E-08,-2.27E-08,-2.27E-08
70,AFE513:PGA_R_FB_TB_1:1,"average(((VT(""/VON"") - VT(""/VOP"")) / 32))",,,,-2.55E-08,-2.55E-08,-2.55E-08
134,AFE513:PGA_R_FB_TB_1:1,"average(((VT(""/VON"") - VT(""/VOP"")) / 32))",,,,-2.63E-08,-2.63E-08,-2.63E-08
172,AFE513:PGA_R_FB_TB_1:1,"average(((VT(""/VON"") - VT(""/VOP"")) / 32))",,,,-2.64E-08,-2.64E-08,-2.64E-08
20,AFE513:PGA_R_FB_TB_1:1,"average(((VT(""/VON"") - VT(""/VOP"")) / 32))",,,,-2.82E-08,-2.82E-08,-2.82E-08
144,AFE513:PGA_R_FB_TB_1:1,"average(((VT(""/VON"") - VT(""/VOP"")) / 32))",,,,-2.83E-08,-2.83E-08,-2.83E-08
453,AFE513:PGA_R_FB_TB_1:1,"average(((VT(""/VON"") - VT(""/VOP"")) / 32))",,,,-2.88E-08,-2.88E-08,-2.88E-08
444,AFE513:PGA_R_FB_TB_1:1,"average(((VT(""/VON"") - VT(""/VOP"")) / 32))",,,,-3.04E-08,-3.04E-08,-3.04E-08
63,AFE513:PGA_R_FB_TB_1:1,"average(((VT(""/VON"") - VT(""/VOP"")) / 32))",,,,-3.08E-08,-3.08E-08,-3.08E-08
400,AFE513:PGA_R_FB_TB_1:1,"average(((VT(""/VON"") - VT(""/VOP"")) / 32))",,,,-3.18E-08,-3.18E-08,-3.18E-08
276,AFE513:PGA_R_FB_TB_1:1,"average(((VT(""/VON"") - VT(""/VOP"")) / 32))",,,,-3.21E-08,-3.21E-08,-3.21E-08
288,AFE513:PGA_R_FB_TB_1:1,"average(((VT(""/VON"") - VT(""/VOP"")) / 32))",,,,-3.21E-08,-3.21E-08,-3.21E-08
158,AFE513:PGA_R_FB_TB_1:1,"average(((VT(""/VON"") - VT(""/VOP"")) / 32))",,,,-3.28E-08,-3.28E-08,-3.28E-08
394,AFE513:PGA_R_FB_TB_1:1,"average(((VT(""/VON"") - VT(""/VOP"")) / 32))",,,,-3.37E-08,-3.37E-08,-3.37E-08
457,AFE513:PGA_R_FB_TB_1:1,"average(((VT(""/VON"") - VT(""/VOP"")) / 32))",,,,-3.40E-08,-3.40E-08,-3.40E-08
401,AFE513:PGA_R_FB_TB_1:1,"average(((VT(""/VON"") - VT(""/VOP"")) / 32))",,,,-3.42E-08,-3.42E-08,-3.42E-08
296,AFE513:PGA_R_FB_TB_1:1,"average(((VT(""/VON"") - VT(""/VOP"")) / 32))",,,,-3.46E-08,-3.46E-08,-3.46E-08
497,AFE513:PGA_R_FB_TB_1:1,"average(((VT(""/VON"") - VT(""/VOP"")) / 32))",,,,-3.55E-08,-3.55E-08,-3.55E-08
320,AFE513:PGA_R_FB_TB_1:1,"average(((VT(""/VON"") - VT(""/VOP"")) / 32))",,,,-3.60E-08,-3.60E-08,-3.60E-08
483,AFE513:PGA_R_FB_TB_1:1,"average(((VT(""/VON"") - VT(""/VOP"")) / 32))",,,,-3.69E-08,-3.69E-08,-3.69E-08
382,AFE513:PGA_R_FB_TB_1:1,"average(((VT(""/VON"") - VT(""/VOP"")) / 32))",,,,-3.69E-08,-3.69E-08,-3.69E-08
443,AFE513:PGA_R_FB_TB_1:1,"average(((VT(""/VON"") - VT(""/VOP"")) / 32))",,,,-3.75E-08,-3.75E-08,-3.75E-08
249,AFE513:PGA_R_FB_TB_1:1,"average(((VT(""/VON"") - VT(""/VOP"")) / 32))",,,,-3.75E-08,-3.75E-08,-3.75E-08
97,AFE513:PGA_R_FB_TB_1:1,"average(((VT(""/VON"") - VT(""/VOP"")) / 32))",,,,-3.82E-08,-3.82E-08,-3.82E-08
398,AFE513:PGA_R_FB_TB_1:1,"average(((VT(""/VON"") - VT(""/VOP"")) / 32))",,,,-3.88E-08,-3.88E-08,-3.88E-08
243,AFE513:PGA_R_FB_TB_1:1,"average(((VT(""/VON"") - VT(""/VOP"")) / 32))",,,,-3.90E-08,-3.90E-08,-3.90E-08
207,AFE513:PGA_R_FB_TB_1:1,"average(((VT(""/VON"") - VT(""/VOP"")) / 32))",,,,-3.97E-08,-3.97E-08,-3.97E-08
255,AFE513:PGA_R_FB_TB_1:1,"average(((VT(""/VON"") - VT(""/VOP"")) / 32))",,,,-4.04E-08,-4.04E-08,-4.04E-08
310,AFE513:PGA_R_FB_TB_1:1,"average(((VT(""/VON"") - VT(""/VOP"")) / 32))",,,,-4.17E-08,-4.17E-08,-4.17E-08
358,AFE513:PGA_R_FB_TB_1:1,"average(((VT(""/VON"") - VT(""/VOP"")) / 32))",,,,-4.25E-08,-4.25E-08,-4.25E-08
478,AFE513:PGA_R_FB_TB_1:1,"average(((VT(""/VON"") - VT(""/VOP"")) / 32))",,,,-4.45E-08,-4.45E-08,-4.45E-08
314,AFE513:PGA_R_FB_TB_1:1,"average(((VT(""/VON"") - VT(""/VOP"")) / 32))",,,,-4.49E-08,-4.49E-08,-4.49E-08
267,AFE513:PGA_R_FB_TB_1:1,"average(((VT(""/VON"") - VT(""/VOP"")) / 32))",,,,-4.57E-08,-4.57E-08,-4.57E-08
364,AFE513:PGA_R_FB_TB_1:1,"average(((VT(""/VON"") - VT(""/VOP"")) / 32))",,,,-4.64E-08,-4.64E-08,-4.64E-08
84,AFE513:PGA_R_FB_TB_1:1,"average(((VT(""/VON"") - VT(""/VOP"")) / 32))",,,,-4.65E-08,-4.65E-08,-4.65E-08
282,AFE513:PGA_R_FB_TB_1:1,"average(((VT(""/VON"") - VT(""/VOP"")) / 32))",,,,-4.70E-08,-4.70E-08,-4.70E-08
395,AFE513:PGA_R_FB_TB_1:1,"average(((VT(""/VON"") - VT(""/VOP"")) / 32))",,,,-4.81E-08,-4.81E-08,-4.81E-08
493,AFE513:PGA_R_FB_TB_1:1,"average(((VT(""/VON"") - VT(""/VOP"")) / 32))",,,,-4.89E-08,-4.89E-08,-4.89E-08
419,AFE513:PGA_R_FB_TB_1:1,"average(((VT(""/VON"") - VT(""/VOP"")) / 32))",,,,-4.99E-08,-4.99E-08,-4.99E-08
190,AFE513:PGA_R_FB_TB_1:1,"average(((VT(""/VON"") - VT(""/VOP"")) / 32))",,,,-5.24E-08,-5.24E-08,-5.24E-08
449,AFE513:PGA_R_FB_TB_1:1,"average(((VT(""/VON"") - VT(""/VOP"")) / 32))",,,,-5.42E-08,-5.42E-08,-5.42E-08
247,AFE513:PGA_R_FB_TB_1:1,"average(((VT(""/VON"") - VT(""/VOP"")) / 32))",,,,-5.48E-08,-5.48E-08,-5.48E-08
456,AFE513:PGA_R_FB_TB_1:1,"average(((VT(""/VON"") - VT(""/VOP"")) / 32))",,,,-5.52E-08,-5.52E-08,-5.52E-08
327,AFE513:PGA_R_FB_TB_1:1,"average(((VT(""/VON"") - VT(""/VOP"")) / 32))",,,,-5.57E-08,-5.57E-08,-5.57E-08
436,AFE513:PGA_R_FB_TB_1:1,"average(((VT(""/VON"") - VT(""/VOP"")) / 32))",,,,-5.64E-08,-5.64E-08,-5.64E-08
194,AFE513:PGA_R_FB_TB_1:1,"average(((VT(""/VON"") - VT(""/VOP"")) / 32))",,,,-5.82E-08,-5.82E-08,-5.82E-08
435,AFE513:PGA_R_FB_TB_1:1,"average(((VT(""/VON"") - VT(""/VOP"")) / 32))",,,,-5.90E-08,-5.90E-08,-5.90E-08
50,AFE513:PGA_R_FB_TB_1:1,"average(((VT(""/VON"") - VT(""/VOP"")) / 32))",,,,-6.21E-08,-6.21E-08,-6.21E-08
264,AFE513:PGA_R_FB_TB_1:1,"average(((VT(""/VON"") - VT(""/VOP"")) / 32))",,,,-6.28E-08,-6.28E-08,-6.28E-08
187,AFE513:PGA_R_FB_TB_1:1,"average(((VT(""/VON"") - VT(""/VOP"")) / 32))",,,,-6.33E-08,-6.33E-08,-6.33E-08
206,AFE513:PGA_R_FB_TB_1:1,"average(((VT(""/VON"") - VT(""/VOP"")) / 32))",,,,-6.35E-08,-6.35E-08,-6.35E-08
241,AFE513:PGA_R_FB_TB_1:1,"average(((VT(""/VON"") - VT(""/VOP"")) / 32))",,,,-6.40E-08,-6.40E-08,-6.40E-08
4,AFE513:PGA_R_FB_TB_1:1,"average(((VT(""/VON"") - VT(""/VOP"")) / 32))",,,,-6.51E-08,-6.51E-08,-6.51E-08
356,AFE513:PGA_R_FB_TB_1:1,"average(((VT(""/VON"") - VT(""/VOP"")) / 32))",,,,-6.55E-08,-6.55E-08,-6.55E-08
263,AFE513:PGA_R_FB_TB_1:1,"average(((VT(""/VON"") - VT(""/VOP"")) / 32))",,,,-6.66E-08,-6.66E-08,-6.66E-08
146,AFE513:PGA_R_FB_TB_1:1,"average(((VT(""/VON"") - VT(""/VOP"")) / 32))",,,,-6.68E-08,-6.68E-08,-6.68E-08
303,AFE513:PGA_R_FB_TB_1:1,"average(((VT(""/VON"") - VT(""/VOP"")) / 32))",,,,-7.15E-08,-7.15E-08,-7.15E-08
391,AFE513:PGA_R_FB_TB_1:1,"average(((VT(""/VON"") - VT(""/VOP"")) / 32))",,,,-7.16E-08,-7.16E-08,-7.16E-08
311,AFE513:PGA_R_FB_TB_1:1,"average(((VT(""/VON"") - VT(""/VOP"")) / 32))",,,,-7.29E-08,-7.29E-08,-7.29E-08
343,AFE513:PGA_R_FB_TB_1:1,"average(((VT(""/VON"") - VT(""/VOP"")) / 32))",,,,-7.30E-08,-7.30E-08,-7.30E-08
468,AFE513:PGA_R_FB_TB_1:1,"average(((VT(""/VON"") - VT(""/VOP"")) / 32))",,,,-7.30E-08,-7.30E-08,-7.30E-08
266,AFE513:PGA_R_FB_TB_1:1,"average(((VT(""/VON"") - VT(""/VOP"")) / 32))",,,,-7.42E-08,-7.42E-08,-7.42E-08
490,AFE513:PGA_R_FB_TB_1:1,"average(((VT(""/VON"") - VT(""/VOP"")) / 32))",,,,-7.48E-08,-7.48E-08,-7.48E-08
226,AFE513:PGA_R_FB_TB_1:1,"average(((VT(""/VON"") - VT(""/VOP"")) / 32))",,,,-7.51E-08,-7.51E-08,-7.51E-08
376,AFE513:PGA_R_FB_TB_1:1,"average(((VT(""/VON"") - VT(""/VOP"")) / 32))",,,,-7.57E-08,-7.57E-08,-7.57E-08
215,AFE513:PGA_R_FB_TB_1:1,"average(((VT(""/VON"") - VT(""/VOP"")) / 32))",,,,-7.57E-08,-7.57E-08,-7.57E-08
476,AFE513:PGA_R_FB_TB_1:1,"average(((VT(""/VON"") - VT(""/VOP"")) / 32))",,,,-7.73E-08,-7.73E-08,-7.73E-08
290,AFE513:PGA_R_FB_TB_1:1,"average(((VT(""/VON"") - VT(""/VOP"")) / 32))",,,,-7.75E-08,-7.75E-08,-7.75E-08
258,AFE513:PGA_R_FB_TB_1:1,"average(((VT(""/VON"") - VT(""/VOP"")) / 32))",,,,-7.76E-08,-7.76E-08,-7.76E-08
137,AFE513:PGA_R_FB_TB_1:1,"average(((VT(""/VON"") - VT(""/VOP"")) / 32))",,,,-7.77E-08,-7.77E-08,-7.77E-08
3,AFE513:PGA_R_FB_TB_1:1,"average(((VT(""/VON"") - VT(""/VOP"")) / 32))",,,,-7.88E-08,-7.88E-08,-7.88E-08
370,AFE513:PGA_R_FB_TB_1:1,"average(((VT(""/VON"") - VT(""/VOP"")) / 32))",,,,-7.90E-08,-7.90E-08,-7.90E-08
359,AFE513:PGA_R_FB_TB_1:1,"average(((VT(""/VON"") - VT(""/VOP"")) / 32))",,,,-7.96E-08,-7.96E-08,-7.96E-08
427,AFE513:PGA_R_FB_TB_1:1,"average(((VT(""/VON"") - VT(""/VOP"")) / 32))",,,,-7.97E-08,-7.97E-08,-7.97E-08
332,AFE513:PGA_R_FB_TB_1:1,"average(((VT(""/VON"") - VT(""/VOP"")) / 32))",,,,-7.98E-08,-7.98E-08,-7.98E-08
101,AFE513:PGA_R_FB_TB_1:1,"average(((VT(""/VON"") - VT(""/VOP"")) / 32))",,,,-8.10E-08,-8.10E-08,-8.10E-08
472,AFE513:PGA_R_FB_TB_1:1,"average(((VT(""/VON"") - VT(""/VOP"")) / 32))",,,,-8.15E-08,-8.15E-08,-8.15E-08
353,AFE513:PGA_R_FB_TB_1:1,"average(((VT(""/VON"") - VT(""/VOP"")) / 32))",,,,-8.28E-08,-8.28E-08,-8.28E-08
136,AFE513:PGA_R_FB_TB_1:1,"average(((VT(""/VON"") - VT(""/VOP"")) / 32))",,,,-8.30E-08,-8.30E-08,-8.30E-08
208,AFE513:PGA_R_FB_TB_1:1,"average(((VT(""/VON"") - VT(""/VOP"")) / 32))",,,,-8.35E-08,-8.35E-08,-8.35E-08
177,AFE513:PGA_R_FB_TB_1:1,"average(((VT(""/VON"") - VT(""/VOP"")) / 32))",,,,-8.47E-08,-8.47E-08,-8.47E-08
162,AFE513:PGA_R_FB_TB_1:1,"average(((VT(""/VON"") - VT(""/VOP"")) / 32))",,,,-8.47E-08,-8.47E-08,-8.47E-08
390,AFE513:PGA_R_FB_TB_1:1,"average(((VT(""/VON"") - VT(""/VOP"")) / 32))",,,,-8.69E-08,-8.69E-08,-8.69E-08
26,AFE513:PGA_R_FB_TB_1:1,"average(((VT(""/VON"") - VT(""/VOP"")) / 32))",,,,-8.72E-08,-8.72E-08,-8.72E-08
120,AFE513:PGA_R_FB_TB_1:1,"average(((VT(""/VON"") - VT(""/VOP"")) / 32))",,,,-8.87E-08,-8.87E-08,-8.87E-08
132,AFE513:PGA_R_FB_TB_1:1,"average(((VT(""/VON"") - VT(""/VOP"")) / 32))",,,,-8.98E-08,-8.98E-08,-8.98E-08
445,AFE513:PGA_R_FB_TB_1:1,"average(((VT(""/VON"") - VT(""/VOP"")) / 32))",,,,-9.03E-08,-9.03E-08,-9.03E-08
143,AFE513:PGA_R_FB_TB_1:1,"average(((VT(""/VON"") - VT(""/VOP"")) / 32))",,,,-9.06E-08,-9.06E-08,-9.06E-08
469,AFE513:PGA_R_FB_TB_1:1,"average(((VT(""/VON"") - VT(""/VOP"")) / 32))",,,,-9.07E-08,-9.07E-08,-9.07E-08
210,AFE513:PGA_R_FB_TB_1:1,"average(((VT(""/VON"") - VT(""/VOP"")) / 32))",,,,-9.14E-08,-9.14E-08,-9.14E-08
291,AFE513:PGA_R_FB_TB_1:1,"average(((VT(""/VON"") - VT(""/VOP"")) / 32))",,,,-9.27E-08,-9.27E-08,-9.27E-08
498,AFE513:PGA_R_FB_TB_1:1,"average(((VT(""/VON"") - VT(""/VOP"")) / 32))",,,,-9.36E-08,-9.36E-08,-9.36E-08
298,AFE513:PGA_R_FB_TB_1:1,"average(((VT(""/VON"") - VT(""/VOP"")) / 32))",,,,-9.38E-08,-9.38E-08,-9.38E-08
455,AFE513:PGA_R_FB_TB_1:1,"average(((VT(""/VON"") - VT(""/VOP"")) / 32))",,,,-9.50E-08,-9.50E-08,-9.50E-08
403,AFE513:PGA_R_FB_TB_1:1,"average(((VT(""/VON"") - VT(""/VOP"")) / 32))",,,,-9.54E-08,-9.54E-08,-9.54E-08
145,AFE513:PGA_R_FB_TB_1:1,"average(((VT(""/VON"") - VT(""/VOP"")) / 32))",,,,-9.56E-08,-9.56E-08,-9.56E-08
458,AFE513:PGA_R_FB_TB_1:1,"average(((VT(""/VON"") - VT(""/VOP"")) / 32))",,,,-9.61E-08,-9.61E-08,-9.61E-08
98,AFE513:PGA_R_FB_TB_1:1,"average(((VT(""/VON"") - VT(""/VOP"")) / 32))",,,,-9.63E-08,-9.63E-08,-9.63E-08
256,AFE513:PGA_R_FB_TB_1:1,"average(((VT(""/VON"") - VT(""/VOP"")) / 32))",,,,-9.72E-08,-9.72E-08,-9.72E-08
122,AFE513:PGA_R_FB_TB_1:1,"average(((VT(""/VON"") - VT(""/VOP"")) / 32))",,,,-9.76E-08,-9.76E-08,-9.76E-08
463,AFE513:PGA_R_FB_TB_1:1,"average(((VT(""/VON"") - VT(""/VOP"")) / 32))",,,,-9.94E-08,-9.94E-08,-9.94E-08
307,AFE513:PGA_R_FB_TB_1:1,"average(((VT(""/VON"") - VT(""/VOP"")) / 32))",,,,-9.96E-08,-9.96E-08,-9.96E-08
260,AFE513:PGA_R_FB_TB_1:1,"average(((VT(""/VON"") - VT(""/VOP"")) / 32))",,,,-9.98E-08,-9.98E-08,-9.98E-08
71,AFE513:PGA_R_FB_TB_1:1,"average(((VT(""/VON"") - VT(""/VOP"")) / 32))",,,,-1.01E-07,-1.01E-07,-1.01E-07
76,AFE513:PGA_R_FB_TB_1:1,"average(((VT(""/VON"") - VT(""/VOP"")) / 32))",,,,-1.01E-07,-1.01E-07,-1.01E-07
157,AFE513:PGA_R_FB_TB_1:1,"average(((VT(""/VON"") - VT(""/VOP"")) / 32))",,,,-1.02E-07,-1.02E-07,-1.02E-07
387,AFE513:PGA_R_FB_TB_1:1,"average(((VT(""/VON"") - VT(""/VOP"")) / 32))",,,,-1.04E-07,-1.04E-07,-1.04E-07
337,AFE513:PGA_R_FB_TB_1:1,"average(((VT(""/VON"") - VT(""/VOP"")) / 32))",,,,-1.10E-07,-1.10E-07,-1.10E-07
253,AFE513:PGA_R_FB_TB_1:1,"average(((VT(""/VON"") - VT(""/VOP"")) / 32))",,,,-1.15E-07,-1.15E-07,-1.15E-07
309,AFE513:PGA_R_FB_TB_1:1,"average(((VT(""/VON"") - VT(""/VOP"")) / 32))",,,,-1.15E-07,-1.15E-07,-1.15E-07
69,AFE513:PGA_R_FB_TB_1:1,"average(((VT(""/VON"") - VT(""/VOP"")) / 32))",,,,-1.16E-07,-1.16E-07,-1.16E-07
159,AFE513:PGA_R_FB_TB_1:1,"average(((VT(""/VON"") - VT(""/VOP"")) / 32))",,,,-1.16E-07,-1.16E-07,-1.16E-07
59,AFE513:PGA_R_FB_TB_1:1,"average(((VT(""/VON"") - VT(""/VOP"")) / 32))",,,,-1.18E-07,-1.18E-07,-1.18E-07
205,AFE513:PGA_R_FB_TB_1:1,"average(((VT(""/VON"") - VT(""/VOP"")) / 32))",,,,-1.18E-07,-1.18E-07,-1.18E-07
418,AFE513:PGA_R_FB_TB_1:1,"average(((VT(""/VON"") - VT(""/VOP"")) / 32))",,,,-1.19E-07,-1.19E-07,-1.19E-07
405,AFE513:PGA_R_FB_TB_1:1,"average(((VT(""/VON"") - VT(""/VOP"")) / 32))",,,,-1.21E-07,-1.21E-07,-1.21E-07
179,AFE513:PGA_R_FB_TB_1:1,"average(((VT(""/VON"") - VT(""/VOP"")) / 32))",,,,-1.25E-07,-1.25E-07,-1.25E-07
15,AFE513:PGA_R_FB_TB_1:1,"average(((VT(""/VON"") - VT(""/VOP"")) / 32))",,,,-1.29E-07,-1.29E-07,-1.29E-07
89,AFE513:PGA_R_FB_TB_1:1,"average(((VT(""/VON"") - VT(""/VOP"")) / 32))",,,,-1.32E-07,-1.32E-07,-1.32E-07
360,AFE513:PGA_R_FB_TB_1:1,"average(((VT(""/VON"") - VT(""/VOP"")) / 32))",,,,-1.33E-07,-1.33E-07,-1.33E-07
312,AFE513:PGA_R_FB_TB_1:1,"average(((VT(""/VON"") - VT(""/VOP"")) / 32))",,,,-1.33E-07,-1.33E-07,-1.33E-07
116,AFE513:PGA_R_FB_TB_1:1,"average(((VT(""/VON"") - VT(""/VOP"")) / 32))",,,,-1.33E-07,-1.33E-07,-1.33E-07
421,AFE513:PGA_R_FB_TB_1:1,"average(((VT(""/VON"") - VT(""/VOP"")) / 32))",,,,-1.34E-07,-1.34E-07,-1.34E-07
52,AFE513:PGA_R_FB_TB_1:1,"average(((VT(""/VON"") - VT(""/VOP"")) / 32))",,,,-1.39E-07,-1.39E-07,-1.39E-07
79,AFE513:PGA_R_FB_TB_1:1,"average(((VT(""/VON"") - VT(""/VOP"")) / 32))",,,,-1.39E-07,-1.39E-07,-1.39E-07
31,AFE513:PGA_R_FB_TB_1:1,"average(((VT(""/VON"") - VT(""/VOP"")) / 32))",,,,-1.39E-07,-1.39E-07,-1.39E-07
467,AFE513:PGA_R_FB_TB_1:1,"average(((VT(""/VON"") - VT(""/VOP"")) / 32))",,,,-1.41E-07,-1.41E-07,-1.41E-07
83,AFE513:PGA_R_FB_TB_1:1,"average(((VT(""/VON"") - VT(""/VOP"")) / 32))",,,,-1.43E-07,-1.43E-07,-1.43E-07
500,AFE513:PGA_R_FB_TB_1:1,"average(((VT(""/VON"") - VT(""/VOP"")) / 32))",,,,-1.43E-07,-1.43E-07,-1.43E-07
313,AFE513:PGA_R_FB_TB_1:1,"average(((VT(""/VON"") - VT(""/VOP"")) / 32))",,,,-1.44E-07,-1.44E-07,-1.44E-07
480,AFE513:PGA_R_FB_TB_1:1,"average(((VT(""/VON"") - VT(""/VOP"")) / 32))",,,,-1.45E-07,-1.45E-07,-1.45E-07
292,AFE513:PGA_R_FB_TB_1:1,"average(((VT(""/VON"") - VT(""/VOP"")) / 32))",,,,-1.46E-07,-1.46E-07,-1.46E-07
408,AFE513:PGA_R_FB_TB_1:1,"average(((VT(""/VON"") - VT(""/VOP"")) / 32))",,,,-1.48E-07,-1.48E-07,-1.48E-07
295,AFE513:PGA_R_FB_TB_1:1,"average(((VT(""/VON"") - VT(""/VOP"")) / 32))",,,,-1.49E-07,-1.49E-07,-1.49E-07
349,AFE513:PGA_R_FB_TB_1:1,"average(((VT(""/VON"") - VT(""/VOP"")) / 32))",,,,-1.49E-07,-1.49E-07,-1.49E-07
170,AFE513:PGA_R_FB_TB_1:1,"average(((VT(""/VON"") - VT(""/VOP"")) / 32))",,,,-1.49E-07,-1.49E-07,-1.49E-07
369,AFE513:PGA_R_FB_TB_1:1,"average(((VT(""/VON"") - VT(""/VOP"")) / 32))",,,,-1.50E-07,-1.50E-07,-1.50E-07
270,AFE513:PGA_R_FB_TB_1:1,"average(((VT(""/VON"") - VT(""/VOP"")) / 32))",,,,-1.62E-07,-1.62E-07,-1.62E-07
18,AFE513:PGA_R_FB_TB_1:1,"average(((VT(""/VON"") - VT(""/VOP"")) / 32))",,,,-1.64E-07,-1.64E-07,-1.64E-07
277,AFE513:PGA_R_FB_TB_1:1,"average(((VT(""/VON"") - VT(""/VOP"")) / 32))",,,,-1.64E-07,-1.64E-07,-1.64E-07
229,AFE513:PGA_R_FB_TB_1:1,"average(((VT(""/VON"") - VT(""/VOP"")) / 32))",,,,-1.65E-07,-1.65E-07,-1.65E-07
318,AFE513:PGA_R_FB_TB_1:1,"average(((VT(""/VON"") - VT(""/VOP"")) / 32))",,,,-1.66E-07,-1.66E-07,-1.66E-07
209,AFE513:PGA_R_FB_TB_1:1,"average(((VT(""/VON"") - VT(""/VOP"")) / 32))",,,,-1.67E-07,-1.67E-07,-1.67E-07
67,AFE513:PGA_R_FB_TB_1:1,"average(((VT(""/VON"") - VT(""/VOP"")) / 32))",,,,-1.67E-07,-1.67E-07,-1.67E-07
348,AFE513:PGA_R_FB_TB_1:1,"average(((VT(""/VON"") - VT(""/VOP"")) / 32))",,,,-1.70E-07,-1.70E-07,-1.70E-07
38,AFE513:PGA_R_FB_TB_1:1,"average(((VT(""/VON"") - VT(""/VOP"")) / 32))",,,,-1.71E-07,-1.71E-07,-1.71E-07
339,AFE513:PGA_R_FB_TB_1:1,"average(((VT(""/VON"") - VT(""/VOP"")) / 32))",,,,-1.73E-07,-1.73E-07,-1.73E-07
231,AFE513:PGA_R_FB_TB_1:1,"average(((VT(""/VON"") - VT(""/VOP"")) / 32))",,,,-1.74E-07,-1.74E-07,-1.74E-07
151,AFE513:PGA_R_FB_TB_1:1,"average(((VT(""/VON"") - VT(""/VOP"")) / 32))",,,,-1.76E-07,-1.76E-07,-1.76E-07
203,AFE513:PGA_R_FB_TB_1:1,"average(((VT(""/VON"") - VT(""/VOP"")) / 32))",,,,-1.78E-07,-1.78E-07,-1.78E-07
299,AFE513:PGA_R_FB_TB_1:1,"average(((VT(""/VON"") - VT(""/VOP"")) / 32))",,,,-1.78E-07,-1.78E-07,-1.78E-07
252,AFE513:PGA_R_FB_TB_1:1,"average(((VT(""/VON"") - VT(""/VOP"")) / 32))",,,,-1.83E-07,-1.83E-07,-1.83E-07
373,AFE513:PGA_R_FB_TB_1:1,"average(((VT(""/VON"") - VT(""/VOP"")) / 32))",,,,-1.85E-07,-1.85E-07,-1.85E-07
5,AFE513:PGA_R_FB_TB_1:1,"average(((VT(""/VON"") - VT(""/VOP"")) / 32))",,,,-1.90E-07,-1.90E-07,-1.90E-07
201,AFE513:PGA_R_FB_TB_1:1,"average(((VT(""/VON"") - VT(""/VOP"")) / 32))",,,,-1.91E-07,-1.91E-07,-1.91E-07
417,AFE513:PGA_R_FB_TB_1:1,"average(((VT(""/VON"") - VT(""/VOP"")) / 32))",,,,-1.99E-07,-1.99E-07,-1.99E-07
53,AFE513:PGA_R_FB_TB_1:1,"average(((VT(""/VON"") - VT(""/VOP"")) / 32))",,,,-2.02E-07,-2.02E-07,-2.02E-07
239,AFE513:PGA_R_FB_TB_1:1,"average(((VT(""/VON"") - VT(""/VOP"")) / 32))",,,,-2.03E-07,-2.03E-07,-2.03E-07
109,AFE513:PGA_R_FB_TB_1:1,"average(((VT(""/VON"") - VT(""/VOP"")) / 32))",,,,-2.12E-07,-2.12E-07,-2.12E-07
238,AFE513:PGA_R_FB_TB_1:1,"average(((VT(""/VON"") - VT(""/VOP"")) / 32))",,,,-2.17E-07,-2.17E-07,-2.17E-07
13,AFE513:PGA_R_FB_TB_1:1,"average(((VT(""/VON"") - VT(""/VOP"")) / 32))",,,,-2.19E-07,-2.19E-07,-2.19E-07
198,AFE513:PGA_R_FB_TB_1:1,"average(((VT(""/VON"") - VT(""/VOP"")) / 32))",,,,-2.32E-07,-2.32E-07,-2.32E-07
357,AFE513:PGA_R_FB_TB_1:1,"average(((VT(""/VON"") - VT(""/VOP"")) / 32))",,,,-2.37E-07,-2.37E-07,-2.37E-07
470,AFE513:PGA_R_FB_TB_1:1,"average(((VT(""/VON"") - VT(""/VOP"")) / 32))",,,,-2.40E-07,-2.40E-07,-2.40E-07
30,AFE513:PGA_R_FB_TB_1:1,"average(((VT(""/VON"") - VT(""/VOP"")) / 32))",,,,-2.42E-07,-2.42E-07,-2.42E-07
131,AFE513:PGA_R_FB_TB_1:1,"average(((VT(""/VON"") - VT(""/VOP"")) / 32))",,,,-2.43E-07,-2.43E-07,-2.43E-07
346,AFE513:PGA_R_FB_TB_1:1,"average(((VT(""/VON"") - VT(""/VOP"")) / 32))",,,,-2.52E-07,-2.52E-07,-2.52E-07
471,AFE513:PGA_R_FB_TB_1:1,"average(((VT(""/VON"") - VT(""/VOP"")) / 32))",,,,-2.54E-07,-2.54E-07,-2.54E-07
175,AFE513:PGA_R_FB_TB_1:1,"average(((VT(""/VON"") - VT(""/VOP"")) / 32))",,,,-2.59E-07,-2.59E-07,-2.59E-07
213,AFE513:PGA_R_FB_TB_1:1,"average(((VT(""/VON"") - VT(""/VOP"")) / 32))",,,,-2.61E-07,-2.61E-07,-2.61E-07
452,AFE513:PGA_R_FB_TB_1:1,"average(((VT(""/VON"") - VT(""/VOP"")) / 32))",,,,-2.62E-07,-2.62E-07,-2.62E-07
184,AFE513:PGA_R_FB_TB_1:1,"average(((VT(""/VON"") - VT(""/VOP"")) / 32))",,,,-2.81E-07,-2.81E-07,-2.81E-07
66,AFE513:PGA_R_FB_TB_1:1,"average(((VT(""/VON"") - VT(""/VOP"")) / 32))",,,,-2.84E-07,-2.84E-07,-2.84E-07
195,AFE513:PGA_R_FB_TB_1:1,"average(((VT(""/VON"") - VT(""/VOP"")) / 32))",,,,-2.85E-07,-2.85E-07,-2.85E-07
383,AFE513:PGA_R_FB_TB_1:1,"average(((VT(""/VON"") - VT(""/VOP"")) / 32))",,,,-3.24E-07,-3.24E-07,-3.24E-07
139,AFE513:PGA_R_FB_TB_1:1,"average(((VT(""/VON"") - VT(""/VOP"")) / 32))",,,,-3.33E-07,-3.33E-07,-3.33E-07
278,AFE513:PGA_R_FB_TB_1:1,"average(((VT(""/VON"") - VT(""/VOP"")) / 32))",,,,-3.58E-07,-3.58E-07,-3.58E-07
85,AFE513:PGA_R_FB_TB_1:1,"average(((VT(""/VON"") - VT(""/VOP"")) / 32))",,,,-3.68E-07,-3.68E-07,-3.68E-07
204,AFE513:PGA_R_FB_TB_1:1,"average(((VT(""/VON"") - VT(""/VOP"")) / 32))",,,,-3.85E-07,-3.85E-07,-3.85E-07
102,AFE513:PGA_R_FB_TB_1:1,"average(((VT(""/VON"") - VT(""/VOP"")) / 32))",,,,-3.86E-07,-3.86E-07,-3.86E-07
60,AFE513:PGA_R_FB_TB_1:1,"average(((VT(""/VON"") - VT(""/VOP"")) / 32))",,,,-4.01E-07,-4.01E-07,-4.01E-07
68,AFE513:PGA_R_FB_TB_1:1,"average(((VT(""/VON"") - VT(""/VOP"")) / 32))",,,,-4.23E-07,-4.23E-07,-4.23E-07
423,AFE513:PGA_R_FB_TB_1:1,"average(((VT(""/VON"") - VT(""/VOP"")) / 32))",,,,-5.27E-07,-5.27E-07,-5.27E-07
130,AFE513:PGA_R_FB_TB_1:1,"average(((VT(""/VON"") - VT(""/VOP"")) / 32))",,,,-8.51E-07,-8.51E-07,-4.51E-07
